distance_km,stops_before,weight_kg,rain,rush_hour,driver_experience_years,late
23.2,40,12.7,0,0,1,1
22.1,29,14.0,0,0,1,1
16.3,51,26.9,0,0,17,0
16.6,0,29.9,0,0,13,0
21.6,20,2.6,1,1,15,1
36.5,14,25.3,0,1,9,1
31.9,24,10.4,0,1,4,1
13.1,5,12.1,0,0,18,0
4.0,29,27.8,0,0,8,0
34.4,12,13.2,0,1,12,1
38.6,16,6.8,0,0,10,0
31.7,8,10.2,0,0,9,0
27.1,18,28.0,0,1,17,0
20.6,26,26.1,1,0,6,0
32.5,2,8.5,0,0,14,0
28.1,58,20.6,0,0,6,1
12.9,18,6.3,0,0,6,0
7.6,14,20.2,0,0,10,0
38.4,44,7.5,0,1,13,1
2.5,1,14.2,0,0,17,0
11.2,30,7.7,0,0,12,0
33.8,29,0.2,0,0,5,0
20.8,58,1.7,0,0,12,0
12.3,18,11.6,0,0,8,0
24.7,48,24.8,0,1,18,1
12.6,55,23.6,0,1,2,1
10.9,44,26.6,0,0,17,0
23.5,44,10.5,0,0,7,0
31.4,56,12.0,1,1,14,1
15.2,4,24.9,0,0,1,0
21.4,4,12.0,1,1,20,0
16.3,5,24.9,0,1,14,0
16.7,33,1.2,0,0,4,0
8.4,9,25.8,1,1,16,0
35.3,5,15.2,0,0,5,0
3.3,7,4.2,0,1,17,0
7.6,9,17.5,0,0,3,0
27.5,7,6.3,0,1,2,1
11.3,53,11.4,0,0,10,0
34.8,16,15.5,0,0,16,0
26.2,29,9.5,0,0,5,0
32.4,33,20.2,1,1,3,1
5.2,54,10.8,0,1,16,0
2.2,20,0.8,1,0,20,0
21.4,11,2.2,0,1,7,0
5.0,5,11.9,0,0,7,0
29.4,4,18.6,1,1,3,1
34.8,5,21.8,1,1,3,1
26.8,49,11.1,0,0,5,1
26.9,35,7.2,0,0,0,1
20.7,11,27.0,0,0,1,0
35.6,41,25.7,0,1,12,0
33.1,12,8.2,0,1,3,1
31.4,20,0.8,0,0,12,0
15.0,7,10.2,0,1,4,0
8.5,26,4.1,0,0,1,0
9.8,40,20.1,1,1,14,0
16.4,55,4.7,0,1,18,0
16.5,54,7.8,0,1,15,1
20.6,37,0.8,1,0,9,1
10.5,24,0.9,0,1,18,0
21.3,27,26.8,1,0,8,1
14.1,57,10.7,0,1,19,0
32.3,11,16.7,1,1,16,1
5.1,10,11.2,0,1,19,0
16.0,34,21.6,0,1,0,1
16.2,2,9.8,0,0,11,0
8.1,41,15.9,0,0,5,0
19.7,9,2.2,0,0,9,0
16.4,25,9.0,0,0,0,0
32.4,40,28.9,1,0,19,1
14.0,41,21.2,0,1,18,0
14.2,30,18.5,0,0,13,0
14.0,37,0.9,1,0,9,0
14.1,9,25.1,0,1,15,0
14.5,56,19.2,1,0,8,1
35.1,60,27.5,0,0,18,0
30.8,19,16.5,0,0,18,0
11.9,35,23.6,0,0,7,0
3.6,7,11.0,1,0,6,0
8.4,43,8.8,0,0,2,0
37.8,39,16.3,0,0,6,1
6.1,47,29.5,0,0,1,0
26.1,51,15.7,1,0,2,1
29.2,18,8.6,1,0,18,0
7.6,52,16.4,0,0,1,0
9.4,32,19.7,0,0,8,0
3.5,27,4.9,0,1,7,0
5.4,35,28.5,0,0,3,0
36.0,38,1.5,1,0,14,0
14.4,9,6.3,1,0,3,0
17.9,34,12.1,0,0,20,0
37.2,59,22.6,0,0,20,1
27.2,6,13.1,0,0,10,0
24.7,0,14.1,0,1,17,0
12.4,46,7.1,0,0,5,0
34.3,57,3.8,0,0,4,1
27.1,46,25.9,1,1,19,1
26.4,43,23.3,0,1,15,0
35.1,39,3.8,0,0,19,0
11.5,37,11.6,0,0,10,0
6.9,58,16.1,0,0,0,1
23.5,4,2.1,1,0,7,0
17.4,57,1.1,0,0,12,0
33.1,39,21.1,0,0,18,0
1.3,26,11.4,0,0,1,0
37.5,15,28.7,0,1,2,1
16.2,11,1.9,0,0,17,0
6.7,48,22.4,0,0,7,0
8.5,35,13.3,1,0,19,0
4.1,43,16.7,0,0,20,0
33.1,39,0.8,1,0,2,1
8.2,27,26.0,0,0,12,0
33.1,11,7.3,0,1,8,1
13.0,43,29.0,1,0,15,0
36.3,28,26.7,0,1,4,1
18.7,55,18.3,1,1,1,1
30.0,28,18.5,0,1,1,1
3.6,36,26.3,0,0,18,0
18.5,10,26.3,0,0,19,0
34.4,27,25.1,1,0,12,1
10.9,24,13.6,0,0,2,1
12.8,50,5.2,0,0,1,0
14.2,10,28.2,0,1,9,0
38.2,20,12.0,0,1,4,1
17.7,15,7.6,0,0,11,0
33.4,51,10.8,0,1,10,1
39.7,45,2.3,1,0,17,0
17.7,4,7.0,0,1,20,0
33.0,1,10.1,1,0,9,1
28.4,6,10.9,0,0,5,0
35.9,11,17.3,0,0,13,0
3.5,31,22.0,0,0,16,0
18.0,53,2.4,0,1,5,1
33.3,6,15.1,0,0,0,0
12.1,34,26.7,0,1,9,0
9.3,8,29.1,0,0,20,0
35.6,1,22.4,0,1,18,0
1.3,59,16.6,1,1,11,1
9.3,19,11.5,0,1,20,0
37.4,33,26.2,0,0,18,0
13.9,3,19.4,0,0,16,0
6.7,22,17.7,1,0,20,0
37.5,42,25.9,0,1,15,1
25.4,15,11.6,0,0,6,0
2.2,28,13.2,1,0,9,0
11.7,0,28.2,0,0,18,0
33.7,58,14.6,1,1,12,1
31.6,0,8.5,1,1,5,1
34.5,42,3.6,1,0,12,1
10.4,35,5.9,1,0,12,0
36.4,34,22.0,1,1,0,1
25.4,45,8.3,0,1,0,1
39.7,38,15.7,1,1,10,1
4.5,36,8.5,1,0,0,0
33.6,21,26.6,1,1,15,1
29.9,5,22.4,0,0,4,0
18.4,4,10.1,0,0,2,0
16.0,24,11.0,0,0,19,0
10.1,5,22.4,0,0,5,0
9.5,58,6.3,1,0,4,1
23.5,4,18.5,1,0,20,0
3.6,56,3.2,0,0,20,0
26.2,0,17.0,0,0,8,0
4.0,52,20.8,1,0,0,0
35.5,31,20.1,0,1,4,1
38.8,60,22.9,0,0,18,1
7.6,15,29.4,1,0,17,0
16.7,33,26.6,0,0,15,0
15.2,13,12.0,1,0,17,0
7.5,7,16.5,0,0,2,0
27.1,27,2.0,0,0,7,0
13.2,45,14.8,0,0,10,0
38.2,51,21.5,1,0,12,1
37.4,9,13.6,0,0,7,0
34.8,34,14.4,1,0,20,0
1.0,45,24.5,0,0,10,0
15.2,24,11.7,0,1,13,0
30.3,3,7.1,0,1,3,1
4.8,57,5.0,0,0,15,0
12.9,19,12.9,0,1,1,0
34.0,52,13.0,0,0,6,1
22.3,14,19.9,1,0,14,0
8.5,6,14.8,1,0,17,0
23.3,55,24.5,1,0,5,1
37.2,17,26.6,0,0,18,0
15.1,35,5.9,0,0,6,0
38.7,41,13.6,0,0,7,1
3.0,35,3.3,0,0,17,0
18.2,49,0.7,0,0,9,0
22.9,40,27.9,0,0,4,1
2.1,39,7.5,0,0,3,0
2.2,5,0.8,1,1,19,0
21.9,9,10.0,0,0,16,0
24.5,32,18.0,0,1,6,1
3.8,59,28.4,0,0,7,0
30.4,32,19.8,0,0,4,1
24.3,5,21.2,0,0,16,0
16.1,44,3.3,0,1,11,0
22.3,23,1.0,0,0,4,0
10.4,3,19.9,1,0,14,0
20.1,25,16.9,0,0,18,0
7.9,26,1.2,0,0,13,0
3.1,37,10.0,0,0,2,0
15.8,0,7.1,0,0,7,0
21.8,20,8.9,0,0,12,0
21.4,18,25.2,0,1,1,1
30.0,16,23.8,0,1,19,0
2.4,19,8.3,0,1,5,0
35.7,41,22.8,1,1,10,1
18.2,18,26.3,1,0,10,0
15.6,30,5.6,0,1,19,0
27.0,9,5.0,0,0,15,0
36.2,45,18.2,0,1,13,1
36.1,7,8.2,0,0,18,0
38.9,6,1.4,0,0,16,0
33.4,58,25.1,0,0,13,1
28.4,0,6.8,0,1,6,0
25.8,18,8.9,0,1,20,0
23.7,9,25.4,0,1,8,1
2.3,30,5.0,0,0,6,0
35.5,2,23.7,1,1,15,1
24.5,9,5.2,0,0,8,0
25.6,12,3.2,0,1,12,0
33.9,4,29.2,0,0,7,0
2.2,6,11.1,0,0,16,0
15.0,32,7.6,0,0,4,0
15.0,58,1.4,1,0,15,0
6.4,22,19.4,1,1,0,1
20.6,2,17.9,0,1,6,1
19.6,15,14.3,0,1,9,0
35.3,13,9.8,1,0,0,0
7.8,19,18.8,0,1,6,0
39.7,54,12.1,0,1,6,1
9.2,20,3.8,0,0,7,0
39.8,50,12.5,0,0,8,1
30.6,36,12.8,0,0,19,0
14.9,24,19.9,1,0,7,1
27.2,15,14.4,0,0,6,1
8.9,36,24.0,1,1,6,1
11.3,59,3.0,0,0,19,0
15.6,51,11.8,0,0,0,1
37.1,22,6.7,0,1,1,1
9.6,40,16.6,0,0,3,0
24.5,37,25.9,0,0,9,0
11.0,18,17.0,0,0,20,0
20.9,37,10.3,0,1,5,0
21.0,19,9.7,0,0,5,0
4.8,53,9.2,1,0,0,1
35.2,47,11.8,0,0,20,0
34.7,26,14.4,0,1,8,1
28.8,27,24.8,0,0,11,0
39.2,24,20.6,0,0,18,0
5.6,28,10.3,1,1,20,0
23.0,40,2.7,0,0,6,0
7.2,44,6.9,1,0,11,0
33.6,31,28.5,0,1,16,1
19.7,8,21.8,1,1,16,1
1.7,49,8.2,0,0,14,0
2.9,26,17.1,1,0,6,0
2.3,8,0.5,0,1,2,0
31.8,51,3.8,0,0,16,0
6.5,49,14.7,0,0,1,0
24.5,37,24.0,1,0,18,0
34.1,48,1.7,0,0,7,1
39.9,24,5.1,0,0,9,0
25.7,29,10.4,0,0,5,0
23.3,29,20.3,1,0,13,0
17.0,56,23.7,0,0,8,1
23.4,58,8.9,1,0,20,1
30.0,19,6.8,0,0,0,1
32.6,31,27.8,0,1,14,1
7.2,37,19.5,0,1,17,1
6.8,36,28.3,0,0,13,0
24.5,3,2.4,0,1,18,0
10.6,16,17.4,0,0,6,0
39.9,6,2.8,0,1,1,0
15.0,15,11.8,1,0,15,0
5.1,6,28.3,1,0,12,0
36.5,54,7.4,0,0,6,1
11.1,31,28.2,0,0,8,0
5.6,4,21.5,1,1,19,0
28.2,14,8.7,0,0,20,0
1.6,7,19.6,0,0,17,0
34.5,60,15.1,0,0,7,1
35.8,47,16.3,0,0,19,0
39.2,17,29.3,0,0,14,0
4.3,53,12.5,1,1,9,1
3.0,9,24.8,0,0,1,0
10.5,0,24.5,0,1,16,0
10.8,34,20.9,1,0,12,0
8.0,40,9.0,1,0,2,0
23.0,12,0.9,0,0,20,0
14.2,51,3.3,1,0,19,0
28.6,17,20.0,1,0,8,0
28.7,13,2.5,0,0,9,0
23.7,26,6.9,0,1,8,0
1.2,60,22.0,0,0,10,0
13.9,26,6.6,0,0,17,0
25.0,45,0.7,1,0,1,1
28.1,44,29.5,0,1,8,1
28.3,5,13.3,0,0,18,0
37.3,32,2.1,1,0,16,0
39.9,56,14.0,0,0,20,0
17.2,54,20.0,0,0,18,0
6.2,46,21.3,1,1,15,1
37.8,20,16.9,0,0,18,0
16.7,6,16.8,0,0,13,0
39.2,51,6.7,1,0,14,1
25.2,38,18.8,0,0,1,1
23.9,0,10.3,1,0,1,0
39.2,59,11.9,0,1,7,1
20.1,24,4.8,0,0,7,1
28.7,46,13.8,0,1,14,1
18.6,33,20.2,0,0,6,0
37.1,31,3.5,0,0,18,0
13.0,24,3.0,0,0,4,0
16.7,56,2.1,0,0,3,0
26.7,36,8.2,0,1,18,0
37.1,44,4.1,0,0,16,1
10.8,2,11.3,0,0,10,0
22.5,36,26.0,0,0,15,0
10.3,22,3.2,1,1,12,0
11.8,9,15.0,1,0,16,0
6.3,0,15.0,0,0,1,0
34.9,6,6.3,0,0,4,1
6.2,39,15.1,0,0,12,0
8.0,36,2.6,0,0,18,0
32.2,19,18.7,1,1,4,1
4.5,47,21.8,0,1,20,0
18.6,42,1.3,0,1,17,0
4.6,38,13.9,0,0,2,0
2.6,37,10.0,0,0,0,0
9.3,32,9.2,0,1,9,0
9.2,3,27.8,0,0,16,0
12.5,56,3.2,0,0,0,0
8.1,3,25.3,0,0,4,0
19.1,57,2.2,0,0,18,0
9.6,30,27.3,1,0,16,0
3.5,40,6.1,0,1,1,1
2.5,5,1.7,1,1,14,0
25.0,44,4.8,0,0,20,0
39.8,1,3.4,1,0,11,0
24.6,11,7.6,0,0,6,0
22.7,58,21.7,0,0,12,1
5.1,17,24.4,0,0,2,0
25.8,2,24.9,0,1,3,1
37.0,60,22.5,0,1,13,1
38.8,20,20.3,0,0,8,0
11.8,38,16.1,0,0,19,0
6.3,54,23.3,0,0,7,1
28.0,55,21.5,0,1,5,1
39.6,29,3.2,1,0,9,1
30.9,58,10.3,1,0,2,1
26.0,30,21.5,0,1,17,0
22.8,18,14.4,0,1,9,1
22.5,32,3.5,0,0,2,0
37.7,37,6.4,1,0,16,0
16.0,43,3.5,0,1,5,1
38.5,34,12.3,0,0,3,1
14.1,21,18.8,0,0,19,0
13.5,48,3.7,1,0,9,1
19.5,33,6.6,1,0,19,0
20.9,44,8.0,1,1,0,1
10.2,9,22.4,0,0,12,0
12.5,9,17.1,0,1,18,0
19.6,51,3.1,0,0,2,1
37.1,59,18.3,0,0,6,1
14.3,52,3.3,0,1,8,1
19.9,17,24.9,1,0,6,0
22.9,19,12.9,1,0,1,0
8.1,23,17.7,0,0,4,0
6.9,8,19.8,0,0,8,0
34.0,45,4.8,0,0,6,0
21.1,41,8.5,0,0,15,0
30.4,15,10.3,1,0,10,1
34.2,37,14.5,1,1,17,1
4.4,38,21.3,1,1,3,1
21.2,22,27.2,0,0,2,0
32.8,12,18.1,0,0,16,0
34.5,25,29.2,0,0,13,0
31.3,41,3.4,1,0,11,1
14.0,22,23.3,0,1,19,0
21.9,20,5.0,1,0,8,0
35.7,44,7.2,0,1,2,1
23.4,9,19.0,0,1,0,1
21.6,4,21.6,0,1,18,1
9.2,46,24.0,1,0,5,1
37.8,22,25.4,0,0,9,0
18.3,14,5.5,0,0,19,0
36.2,29,25.6,0,0,7,0
19.3,43,17.9,0,1,20,0
20.2,21,11.8,1,1,9,1
31.3,59,14.3,0,0,16,1
32.5,19,18.9,0,1,20,0
14.6,58,18.8,1,1,2,1
18.8,52,22.0,0,0,17,0
19.5,0,0.7,0,0,19,0
25.0,4,17.5,1,0,7,0
8.4,48,28.3,0,0,20,0
39.1,43,17.0,0,0,11,1
7.7,40,17.7,0,0,4,0
2.2,18,8.8,0,0,10,0
4.9,31,23.1,0,1,20,0
6.8,54,16.1,1,0,10,1
1.4,11,24.5,0,1,8,0
2.5,7,14.2,0,1,15,0
23.1,40,8.0,0,0,8,0
11.4,8,28.6,0,1,7,0
25.6,1,20.1,0,1,18,0
23.3,17,17.7,0,0,20,0
25.8,60,18.7,0,0,12,0
30.7,60,8.1,1,1,12,1
14.7,47,4.7,0,0,11,0
4.9,24,20.2,0,0,8,0
22.7,51,10.3,0,0,9,0
25.3,16,6.7,1,0,5,0
2.7,51,17.8,0,0,19,0
32.5,59,8.7,0,0,7,1
8.3,8,11.7,0,0,7,0
10.7,34,18.1,0,1,6,0
38.6,27,18.2,0,1,4,1
5.5,19,0.9,1,1,12,0
5.7,22,18.0,0,0,15,0
30.2,12,8.6,0,1,18,0
26.9,46,20.5,0,1,17,0
1.2,43,29.0,0,0,3,0
20.9,60,15.4,0,0,18,0
37.3,45,27.2,0,0,17,0
37.7,60,1.5,0,0,10,1
32.3,45,13.1,0,0,18,0
4.7,43,13.5,1,0,20,0
5.2,18,5.7,0,1,7,0
36.1,56,26.9,0,0,15,1
32.0,44,13.5,1,0,5,1
8.1,38,7.8,0,1,13,0
33.1,50,3.7,0,0,15,0
8.8,14,27.9,1,0,8,0
31.6,14,10.7,0,0,0,0
25.1,9,6.3,0,1,17,0
21.5,48,27.1,0,0,20,0
12.7,56,19.3,0,1,20,0
6.1,15,20.5,0,0,0,0
26.2,59,27.7,1,0,15,1
21.6,28,24.5,0,0,19,0
33.1,60,13.9,0,0,3,1
25.3,23,7.5,0,0,15,0
37.6,15,20.4,0,1,3,1
19.1,53,21.3,0,0,20,0
9.6,51,18.9,0,1,9,0
2.6,52,22.0,0,0,11,0
5.5,27,24.2,0,0,9,0
1.0,8,28.8,0,0,19,0
25.8,42,25.9,0,0,6,1
1.6,31,22.8,0,0,15,0
21.4,35,4.9,0,1,8,1
9.1,3,21.9,0,0,0,0
34.7,59,18.4,0,0,16,0
16.9,29,22.7,0,1,2,1
5.2,35,12.5,0,0,9,0
24.2,34,25.5,0,0,12,0
21.3,33,13.5,1,0,14,0
10.6,19,14.6,0,1,3,0
6.4,10,5.1,0,0,7,0
19.5,2,7.1,0,1,7,0
21.3,31,9.4,0,0,15,0
12.4,21,9.9,0,0,8,0
11.9,58,11.7,0,0,17,0
4.9,51,17.2,0,0,7,0
15.2,23,9.7,0,0,12,0
39.4,0,3.8,0,1,18,0
10.0,24,14.1,0,1,10,0
15.9,27,1.6,1,0,12,1
38.3,24,8.2,0,1,11,0
25.8,2,27.2,1,1,5,1
15.3,32,6.4,1,0,8,1
22.2,25,18.7,0,0,18,0
13.9,23,18.9,0,1,12,0
12.4,9,9.3,0,0,18,0
14.8,0,2.2,1,1,19,0
20.8,13,10.0,0,0,10,0
37.0,49,25.7,1,1,10,1
28.0,8,23.7,0,1,18,0
27.1,54,14.3,0,0,4,1
32.2,41,25.7,0,0,19,0
19.4,35,11.7,0,0,20,0
21.2,45,4.2,0,0,15,0
6.6,38,4.5,0,1,19,0
11.2,30,14.8,0,0,1,0
38.9,46,23.4,1,1,0,1
24.9,4,12.8,1,0,0,1
33.7,3,28.0,0,1,3,1
36.1,39,6.8,0,0,12,1
17.7,18,10.9,0,1,13,0
17.3,58,29.7,0,0,15,0
36.5,19,28.7,1,1,11,1
10.3,49,9.5,1,1,11,1
9.4,39,29.2,0,0,0,0
19.2,56,29.2,1,0,13,1
36.5,16,12.3,0,1,16,0
7.1,21,1.6,0,0,15,0
3.5,3,12.6,1,0,7,0
26.1,49,21.3,0,0,3,1
21.9,51,9.3,1,0,10,1
31.5,6,19.8,0,0,17,0
30.3,36,15.9,0,1,15,0
29.6,34,9.9,0,0,15,0
10.6,25,12.8,0,0,5,0
35.2,25,24.1,1,1,12,1
34.4,6,12.9,1,1,3,1
30.8,57,13.8,1,0,10,1
12.9,47,16.5,0,0,0,0
14.4,58,21.1,0,1,5,1
13.6,54,22.4,0,0,13,0
17.0,48,29.8,1,1,6,1
24.2,15,10.7,0,0,4,0
16.8,57,1.1,0,0,5,0
21.0,54,28.9,0,0,19,0
11.4,11,0.5,0,0,7,0
4.8,41,2.5,1,1,4,1
37.8,18,23.7,0,0,4,0
36.4,48,28.1,1,1,3,1
1.5,9,11.4,0,0,4,0
18.2,31,12.5,0,0,0,1
26.7,42,15.5,0,0,13,1
12.6,56,24.6,0,0,0,1
33.5,51,18.7,1,0,15,1
25.2,12,15.2,0,1,8,1
12.7,57,2.1,0,0,15,0
16.6,14,3.6,0,1,11,0
6.1,29,3.1,1,1,18,0
30.6,40,8.3,1,1,20,1
20.5,28,9.7,1,1,1,1
12.8,54,18.3,0,0,13,0
28.1,45,6.3,1,1,1,1
33.4,52,24.8,0,1,3,1
15.9,25,14.6,0,0,14,0
1.5,56,25.2,0,1,0,1
25.5,50,24.3,0,0,11,0
31.4,36,11.1,0,0,4,0
2.0,57,7.5,0,0,3,0
1.4,50,10.5,0,1,2,0
37.6,15,26.0,0,0,4,1
16.5,19,16.7,0,0,20,0
37.8,22,28.3,0,1,9,1
7.9,50,3.9,1,0,14,0
30.2,51,12.6,0,0,8,1
27.3,14,21.4,0,1,0,1
34.5,43,6.7,1,1,19,1
36.0,40,2.3,0,0,11,0
15.1,52,12.6,0,0,3,1
38.5,51,26.1,1,1,9,1
28.9,16,4.2,0,0,13,0
33.0,39,3.3,1,1,8,1
9.8,27,1.4,1,0,9,0
6.9,28,7.6,0,1,2,1
19.8,18,16.3,0,0,1,0
7.0,58,16.8,0,0,12,0
15.3,2,5.4,0,0,19,0
24.6,14,21.6,0,0,15,0
9.4,43,20.5,0,1,3,1
26.8,54,22.1,1,0,8,1
14.1,47,24.3,0,0,19,0
22.8,4,9.8,0,0,8,0
37.3,39,17.0,0,0,20,0
18.8,13,7.6,1,1,12,1
22.6,3,25.5,0,0,9,0
23.5,25,12.3,1,0,3,1
31.7,33,12.4,0,0,20,0
18.0,19,2.3,0,0,4,0
7.9,37,0.8,0,1,6,0
26.4,14,14.9,0,0,1,0
36.9,0,4.0,1,0,13,0
34.1,47,14.1,0,1,9,1
17.3,23,21.0,0,1,7,0
31.5,16,18.2,0,1,13,0
15.7,2,11.1,0,0,8,0
16.8,5,10.9,1,1,1,1
1.4,9,14.0,0,0,0,0
6.4,57,21.7,0,1,12,0
25.3,5,8.4,0,0,10,0
32.9,27,21.0,0,0,5,1
30.8,23,7.4,0,0,3,0
8.7,36,3.5,0,0,2,0
1.3,21,5.9,0,0,19,0
28.0,23,8.5,0,0,4,0
5.4,2,0.6,0,0,3,0
28.6,59,29.5,0,0,0,1
17.7,54,7.8,1,0,5,1
16.6,29,5.7,0,1,12,0
38.6,59,20.6,0,1,11,1
39.9,9,4.9,0,0,12,0
21.8,48,5.7,0,1,3,1
24.8,21,0.2,0,0,7,0
39.2,32,22.6,1,1,12,1
7.8,9,5.7,0,1,12,0
28.0,26,19.2,0,0,2,1
25.0,40,13.3,0,0,3,0
38.4,53,13.5,0,1,18,1
9.6,39,15.3,0,1,12,0
